iteration,numPointsCluster1,numPointsCluster2
2,1,1
4,2,2
6,3,3
8,4,4
10,5,5
12,6,6
14,7,7
16,8,8
18,9,9
20,10,10
22,11,11
24,12,12
26,13,13
28,14,14
30,15,15
32,16,16
34,17,17
36,18,18
38,19,19
40,20,20
42,21,21
44,22,22
46,23,23
48,24,24
50,25,25
52,26,26
54,27,27
56,28,28
58,29,29
60,30,30
62,31,31
64,32,32
66,33,33
68,34,34
70,35,35
72,36,36
74,37,37
76,38,38
78,39,39
80,40,40
82,41,41
84,42,42
86,43,43
88,44,44
90,45,45
92,46,46
94,47,47
96,48,48
98,49,49
100,50,50
102,50,50
104,50,50
106,50,50
108,50,50
110,50,50
112,50,50
114,50,50
116,50,50
118,50,50
120,50,50
122,50,50
124,50,50
126,50,50
128,50,50
130,50,50
132,50,50
134,50,50
136,50,50
138,50,50
140,50,50
142,50,50
144,50,50
146,50,50
148,50,50
150,50,50
152,50,50
154,50,50
156,50,50
158,50,50
160,50,50
162,50,50
164,50,50
166,50,50
168,50,50
170,50,50
172,50,50
174,50,50
176,50,50
178,50,50
180,50,50
182,50,50
184,50,50
186,50,50
188,50,50
190,50,50
192,50,50
194,50,50
196,50,50
198,50,50
200,50,50
202,50,50
204,50,50
206,50,50
208,50,50
210,50,50
212,50,50
214,50,50
216,50,50
218,50,50
220,50,50
222,50,50
224,50,50
226,50,50
228,50,50
230,50,50
232,50,50
234,50,50
236,50,50
238,50,50
240,50,50
242,50,50
244,50,50
246,50,50
248,50,50
250,50,50
252,50,50
254,50,50
256,50,50
258,50,50
260,50,50
262,50,50
264,50,50
266,50,50
268,50,50
270,50,50
272,50,50
274,50,50
276,50,50
278,50,50
280,50,50
282,50,50
284,50,50
286,50,50
288,50,50
290,50,50
292,50,50
294,50,50
296,50,50
298,50,50
300,50,50
302,50,50
304,50,50
306,50,50
308,50,50
310,50,50
312,50,50
314,50,50
316,50,50
318,50,50
320,50,50
322,50,50
324,50,50
326,50,50
328,50,50
330,50,50
332,50,50
334,50,50
336,50,50
338,50,50
340,50,50
342,50,50
344,50,50
346,50,50
348,50,50
350,50,50
352,50,50
354,50,50
356,50,50
358,50,50
360,50,50
362,50,50
364,50,50
366,50,50
368,50,50
370,50,50
372,50,50
374,50,50
376,50,50
378,50,50
380,50,50
382,50,50
384,50,50
386,50,50
388,50,50
390,50,50
392,50,50
394,50,50
396,50,50
398,50,50
400,50,50
402,50,50
404,50,50
406,50,50
408,50,50
410,50,50
412,50,50
414,50,50
416,50,50
418,50,50
420,50,50
422,50,50
424,50,50
426,50,50
428,50,50
430,50,50
432,50,50
434,50,50
436,50,50
438,50,50
440,50,50
442,50,50
444,50,50
446,50,50
448,50,50
450,50,50
452,50,50
454,50,50
456,50,50
458,50,50
460,50,50
462,50,50
464,50,50
466,50,50
468,50,50
470,50,50
472,50,50
474,50,50
476,50,50
478,50,50
480,50,50
482,50,50
484,50,50
486,50,50
488,50,50
490,50,50
492,50,50
494,50,50
496,50,50
498,50,50
500,50,50
502,50,50
504,50,50
506,50,50
508,50,50
510,50,50
512,50,50
514,50,50
516,50,50
518,50,50
520,50,50
522,50,50
524,50,50
526,50,50
528,50,50
530,50,50
532,50,50
534,50,50
536,50,50
538,50,50
540,50,50
542,50,50
544,50,50
546,50,50
548,50,50
550,50,50
552,50,50
554,50,50
556,50,50
558,50,50
560,50,50
562,50,50
564,50,50
566,50,50
568,50,50
570,50,50
572,50,50
574,50,50
576,50,50
578,50,50
580,50,50
582,50,50
584,50,50
586,50,50
588,50,50
590,50,50
592,50,50
594,50,50
596,50,50
598,50,50
600,50,50
602,50,50
604,50,50
606,50,50
608,50,50
610,50,50
612,50,50
614,50,50
616,50,50
618,50,50
620,50,50
622,50,50
624,50,50
626,50,50
628,50,50
630,50,50
632,50,50
634,50,50
636,50,50
638,50,50
640,50,50
642,50,50
644,50,50
646,50,50
648,50,50
650,50,50
652,50,50
654,50,50
656,50,50
658,50,50
660,50,50
662,50,50
664,50,50
666,50,50
668,50,50
670,50,50
672,50,50
674,50,50
676,50,50
678,50,50
680,50,50
682,50,50
684,50,50
686,50,50
688,50,50
690,50,50
692,50,50
694,50,50
696,50,50
698,50,50
700,50,50
702,50,50
704,50,50
706,50,50
708,50,50
710,50,50
712,50,50
714,50,50
716,50,50
718,50,50
720,50,50
722,50,50
724,50,50
726,50,50
728,50,50
730,50,50
732,50,50
734,50,50
736,50,50
738,50,50
740,50,50
742,50,50
744,50,50
746,50,50
748,50,50
750,50,50
752,50,50
754,50,50
756,50,50
758,50,50
760,50,50
762,50,50
764,50,50
766,50,50
768,50,50
770,50,50
772,50,50
774,50,50
776,50,50
778,50,50
780,50,50
782,50,50
784,50,50
786,50,50
788,50,50
790,50,50
792,50,50
794,50,50
796,50,50
798,50,50
800,50,50
802,50,50
804,50,50
806,50,50
808,50,50
810,50,50
812,50,50
814,50,50
816,50,50
818,50,50
820,50,50
822,50,50
824,50,50
826,50,50
828,50,50
830,50,50
832,50,50
834,50,50
836,50,50
838,50,50
840,50,50
842,50,50
844,50,50
846,50,50
848,50,50
850,50,50
852,50,50
854,50,50
856,50,50
858,50,50
860,50,50
862,50,50
864,50,50
866,50,50
868,50,50
870,50,50
872,50,50
874,50,50
876,50,50
878,50,50
880,50,50
882,50,50
884,50,50
886,50,50
888,50,50
890,50,50
892,50,50
894,50,50
896,50,50
898,50,50
900,50,50
902,50,50
904,50,50
906,50,50
908,50,50
910,50,50
912,50,50
914,50,50
916,50,50
918,50,50
920,50,50
922,50,50
924,50,50
926,50,50
928,50,50
930,50,50
932,50,50
934,50,50
936,50,50
938,50,50
940,50,50
942,50,50
944,50,50
946,50,50
948,50,50
950,50,50
952,50,50
954,50,50
956,50,50
958,50,50
960,50,50
962,50,50
964,50,50
966,50,50
968,50,50
970,50,50
972,50,50
974,50,50
976,50,50
978,50,50
980,50,50
982,50,50
984,50,50
986,50,50
988,50,50
990,50,50
992,50,50
994,50,50
996,50,50
998,50,50
1000,50,50
1002,50,50
1004,50,50
1006,50,50
1008,50,50
1010,50,50
1012,50,50
1014,50,50
1016,50,50
1018,50,50
1020,50,50
1022,50,50
1024,50,50
1026,50,50
1028,50,50
1030,50,50
1032,50,50
1034,50,50
1036,50,50
1038,50,50
1040,50,50
1042,50,50
1044,50,50
1046,50,50
1048,50,50
1050,50,50
1052,50,50
1054,50,50
1056,50,50
1058,50,50
1060,50,50
1062,50,50
1064,50,50
1066,50,50
1068,50,50
1070,50,50
1072,50,50
1074,50,50
1076,50,50
1078,50,50
1080,50,50
1082,50,50
1084,50,50
1086,50,50
1088,50,50
1090,50,50
1092,50,50
1094,50,50
1096,50,50
1098,50,50
1100,50,50
1102,50,50
1104,50,50
1106,50,50
1108,50,50
1110,50,50
1112,50,50
1114,50,50
1116,50,50
1118,50,50
1120,50,50
1122,50,50
1124,50,50
1126,50,50
1128,50,50
1130,50,50
1132,50,50
1134,50,50
1136,50,50
1138,50,50
1140,50,50
1142,50,50
1144,50,50
1146,50,50
1148,50,50
1150,50,50
1152,50,50
1154,50,50
1156,50,50
1158,50,50
1160,50,50
1162,50,50
1164,50,50
1166,50,50
1168,50,50
1170,50,50
1172,50,50
1174,50,50
1176,50,50
1178,50,50
1180,50,50
1182,50,50
1184,50,50
1186,50,50
1188,50,50
1190,50,50
1192,50,50
1194,50,50
1196,50,50
1198,50,50
1200,50,50
1202,50,50
1204,50,50
1206,50,50
1208,50,50
1210,50,50
1212,50,50
1214,50,50
1216,50,50
1218,50,50
1220,50,50
1222,50,50
1224,50,50
1226,50,50
1228,50,50
1230,50,50
1232,50,50
1234,50,50
1236,50,50
1238,50,50
1240,50,50
1242,50,50
1244,50,50
1246,50,50
1248,50,50
1250,50,50
1252,50,50
1254,50,50
1256,50,50
1258,50,50
1260,50,50
1262,50,50
1264,50,50
1266,50,50
1268,50,50
1270,50,50
1272,50,50
1274,50,50
1276,50,50
1278,50,50
1280,50,50
1282,50,50
1284,50,50
1286,50,50
1288,50,50
1290,50,50
1292,50,50
1294,50,50
1296,50,50
1298,50,50
1300,50,50
1302,50,50
1304,50,50
1306,50,50
1308,50,50
1310,50,50
1312,50,50
1314,50,50
1316,50,50
1318,50,50
1320,50,50
1322,50,50
1324,50,50
1326,50,50
1328,50,50
1330,50,50
1332,50,50
1334,50,50
1336,50,50
1338,50,50
1340,50,50
1342,50,50
1344,50,50
1346,50,50
1348,50,50
1350,50,50
1352,50,50
1354,50,50
1356,50,50
1358,50,50
1360,50,50
1362,50,50
1364,50,50
1366,50,50
1368,50,50
1370,50,50
1372,50,50
1374,50,50
1376,50,50
1378,50,50
1380,50,50
1382,50,50
1384,50,50
1386,50,50
1388,50,50
1390,50,50
1392,50,50
1394,50,50
1396,50,50
1398,50,50
1400,50,50
1402,50,50
1404,50,50
1406,50,50
1408,50,50
1410,50,50
1412,50,50
1414,50,50
1416,50,50
1418,50,50
1420,50,50
1422,50,50
1424,50,50
1426,50,50
1428,50,50
1430,50,50
1432,50,50
1434,50,50
1436,50,50
1438,50,50
1440,50,50
1442,50,50
1444,50,50
1446,50,50
1448,50,50
1450,50,50
1452,50,50
1454,50,50
1456,50,50
1458,50,50
1460,50,50
1462,50,50
1464,50,50
1466,50,50
1468,50,50
1470,50,50
1472,50,50
1474,50,50
1476,50,50
1478,50,50
1480,50,50
1482,50,50
1484,50,50
1486,50,50
1488,50,50
1490,50,50
1492,50,50
1494,50,50
1496,50,50
1498,50,50
1500,50,50
1502,50,50
1504,50,50
1506,50,50
1508,50,50
1510,50,50
1512,50,50
1514,50,50
1516,50,50
1518,50,50
1520,50,50
1522,50,50
1524,50,50
1526,50,50
1528,50,50
1530,50,50
1532,50,50
1534,50,50
1536,50,50
1538,50,50
1540,50,50
1542,50,50
1544,50,50
1546,50,50
1548,50,50
1550,50,50
1552,50,50
1554,50,50
1556,50,50
1558,50,50
1560,50,50
1562,50,50
1564,50,50
1566,50,50
1568,50,50
1570,50,50
1572,50,50
1574,50,50
1576,50,50
1578,50,50
1580,50,50
1582,50,50
1584,50,50
1586,50,50
1588,50,50
1590,50,50
1592,50,50
1594,50,50
1596,50,50
1598,50,50
1600,50,50
1602,50,50
1604,50,50
1606,50,50
1608,50,50
1610,50,50
1612,50,50
1614,50,50
1616,50,50
1618,50,50
1620,50,50
1622,50,50
1624,50,50
1626,50,50
1628,50,50
1630,50,50
1632,50,50
1634,50,50
1636,50,50
1638,50,50
1640,50,50
1642,50,50
1644,50,50
1646,50,50
1648,50,50
1650,50,50
1652,50,50
1654,50,50
1656,50,50
1658,50,50
1660,50,50
1662,50,50
1664,50,50
1666,50,50
1668,50,50
1670,50,50
1672,50,50
1674,50,50
1676,50,50
1678,50,50
1680,50,50
1682,50,50
1684,50,50
1686,50,50
1688,50,50
1690,50,50
1692,50,50
1694,50,50
1696,50,50
1698,50,50
1700,50,50
1702,50,50
1704,50,50
1706,50,50
1708,50,50
1710,50,50
1712,50,50
1714,50,50
1716,50,50
1718,50,50
1720,50,50
1722,50,50
1724,50,50
1726,50,50
1728,50,50
1730,50,50
1732,50,50
1734,50,50
1736,50,50
1738,50,50
1740,50,50
1742,50,50
1744,50,50
1746,50,50
1748,50,50
1750,50,50
1752,50,50
1754,50,50
1756,50,50
1758,50,50
1760,50,50
1762,50,50
1764,50,50
1766,50,50
1768,50,50
1770,50,50
1772,50,50
1774,50,50
1776,50,50
1778,50,50
1780,50,50
1782,50,50
1784,50,50
1786,50,50
1788,50,50
1790,50,50
1792,50,50
1794,50,50
1796,50,50
1798,50,50
1800,50,50
1802,50,50
1804,50,50
1806,50,50
1808,50,50
1810,50,50
1812,50,50
1814,50,50
1816,50,50
1818,50,50
1820,50,50
1822,50,50
1824,50,50
1826,50,50
1828,50,50
1830,50,50
1832,50,50
1834,50,50
1836,50,50
1838,50,50
1840,50,50
1842,50,50
1844,50,50
1846,50,50
1848,50,50
1850,50,50
1852,50,50
1854,50,50
1856,50,50
1858,50,50
1860,50,50
1862,50,50
1864,50,50
1866,50,50
1868,50,50
1870,50,50
1872,50,50
1874,50,50
1876,50,50
1878,50,50
1880,50,50
1882,50,50
1884,50,50
1886,50,50
1888,50,50
1890,50,50
1892,50,50
1894,50,50
1896,50,50
1898,50,50
1900,50,50
1902,50,50
1904,50,50
1906,50,50
1908,50,50
1910,50,50
1912,50,50
1914,50,50
1916,50,50
1918,50,50
1920,50,50
1922,50,50
1924,50,50
1926,50,50
1928,50,50
1930,50,50
1932,50,50
1934,50,50
1936,50,50
1938,50,50
1940,50,50
1942,50,50
1944,50,50
1946,50,50
1948,50,50
1950,50,50
1952,50,50
1954,50,50
1956,50,50
1958,50,50
1960,50,50
1962,50,50
1964,50,50
1966,50,50
1968,50,50
1970,50,50
1972,50,50
1974,50,50
1976,50,50
1978,50,50
1980,50,50
1982,50,50
1984,50,50
1986,50,50
1988,50,50
1990,50,50
1992,50,50
1994,50,50
1996,50,50
1998,50,50
2000,50,50
2002,50,50
2004,50,50
2006,50,50
2008,50,50
2010,50,50
2012,50,50
2014,50,50
2016,50,50
2018,50,50
2020,50,50
2022,50,50
2024,50,50
2026,50,50
2028,50,50
2030,50,50
2032,50,50
2034,50,50
2036,50,50
2038,50,50
2040,50,50
2042,50,50
2044,50,50
2046,50,50
2048,50,50
2050,50,50
2052,50,50
2054,50,50
2056,50,50
2058,50,50
2060,50,50
2062,50,50
2064,50,50
2066,50,50
2068,50,50
2070,50,50
2072,50,50
2074,50,50
2076,50,50
2078,50,50
2080,50,50
2082,50,50
2084,50,50
2086,50,50
2088,50,50
2090,50,50
2092,50,50
2094,50,50
2096,50,50
2098,50,50
2100,50,50
2102,50,50
2104,50,50
2106,50,50
2108,50,50
2110,50,50
2112,50,50
2114,50,50
2116,50,50
2118,50,50
2120,50,50
2122,50,50
2124,50,50
2126,50,50
2128,50,50
2130,50,50
2132,50,50
2134,50,50
2136,50,50
2138,50,50
2140,50,50
2142,50,50
2144,50,50
2146,50,50
2148,50,50
2150,50,50
2152,50,50
2154,50,50
2156,50,50
2158,50,50
2160,50,50
2162,50,50
2164,50,50
2166,50,50
2168,50,50
2170,50,50
2172,50,50
2174,50,50
2176,50,50
2178,50,50
2180,50,50
2182,50,50
2184,50,50
2186,50,50
2188,50,50
2190,50,50
2192,50,50
2194,50,50
2196,50,50
2198,50,50
2200,50,50
2202,50,50
2204,50,50
2206,50,50
2208,50,50
2210,50,50
2212,50,50
2214,50,50
2216,50,50
2218,50,50
2220,50,50
2222,50,50
2224,50,50
2226,50,50
2228,50,50
2230,50,50
2232,50,50
2234,50,50
2236,50,50
2238,50,50
2240,50,50
2242,50,50
2244,50,50
2246,50,50
2248,50,50
2250,50,50
2252,50,50
2254,50,50
2256,50,50
2258,50,50
2260,50,50
2262,50,50
2264,50,50
2266,50,50
2268,50,50
2270,50,50
2272,50,50
2274,50,50
2276,50,50
2278,50,50
2280,50,50
2282,50,50
2284,50,50
2286,50,50
2288,50,50
2290,50,50
2292,50,50
2294,50,50
2296,50,50
2298,50,50
2300,50,50
2302,50,50
2304,50,50
2306,50,50
2308,50,50
2310,50,50
2312,50,50
2314,50,50
2316,50,50
2318,50,50
2320,50,50
2322,50,50
2324,50,50
2326,50,50
2328,50,50
2330,50,50
2332,50,50
2334,50,50
2336,50,50
2338,50,50
2340,50,50
2342,50,50
2344,50,50
2346,50,50
2348,50,50
2350,50,50
2352,50,50
2354,50,50
2356,50,50
2358,50,50
2360,50,50
2362,50,50
2364,50,50
2366,50,50
2368,50,50
2370,50,50
2372,50,50
2374,50,50
2376,50,50
2378,50,50
2380,50,50
2382,50,50
2384,50,50
2386,50,50
2388,50,50
2390,50,50
2392,50,50
2394,50,50
2396,50,50
2398,50,50
2400,50,50
2402,50,50
2404,50,50
2406,50,50
2408,50,50
2410,50,50
2412,50,50
2414,50,50
2416,50,50
2418,50,50
2420,50,50
2422,50,50
2424,50,50
2426,50,50
2428,50,50
2430,50,50
2432,50,50
2434,50,50
2436,50,50
2438,50,50
2440,50,50
2442,50,50
2444,50,50
2446,50,50
2448,50,50
2450,50,50
2452,50,50
2454,50,50
2456,50,50
2458,50,50
2460,50,50
2462,50,50
2464,50,50
2466,50,50
2468,50,50
2470,50,50
2472,50,50
2474,50,50
2476,50,50
2478,50,50
2480,50,50
2482,50,50
2484,50,50
2486,50,50
2488,50,50
2490,50,50
2492,50,50
2494,50,50
2496,50,50
2498,50,50
2500,50,50
2502,50,50
2504,50,50
2506,50,50
2508,50,50
2510,50,50
2512,50,50
2514,50,50
2516,50,50
2518,50,50
2520,50,50
2522,50,50
2524,50,50
2526,50,50
2528,50,50
2530,50,50
2532,50,50
2534,50,50
2536,50,50
2538,50,50
2540,50,50
2542,50,50
2544,50,50
2546,50,50
2548,50,50
2550,50,50
2552,50,50
2554,50,50
2556,50,50
2558,50,50
2560,50,50
2562,50,50
2564,50,50
2566,50,50
2568,50,50
2570,50,50
2572,50,50
2574,50,50
2576,50,50
2578,50,50
2580,50,50
2582,50,50
2584,50,50
2586,50,50
2588,50,50
2590,50,50
2592,50,50
2594,50,50
2596,50,50
2598,50,50
2600,50,50
2602,50,50
2604,50,50
2606,50,50
2608,50,50
2610,50,50
2612,50,50
2614,50,50
2616,50,50
2618,50,50
2620,50,50
2622,50,50
2624,50,50
2626,50,50
2628,50,50
2630,50,50
2632,50,50
2634,50,50
2636,50,50
2638,50,50
2640,50,50
2642,50,50
2644,50,50
2646,50,50
2648,50,50
2650,50,50
2652,50,50
2654,50,50
2656,50,50
2658,50,50
2660,50,50
2662,50,50
2664,50,50
2666,50,50
2668,50,50
2670,50,50
2672,50,50
2674,50,50
2676,50,50
2678,50,50
2680,50,50
2682,50,50
2684,50,50
2686,50,50
2688,50,50
2690,50,50
2692,50,50
2694,50,50
2696,50,50
2698,50,50
2700,50,50
2702,50,50
2704,50,50
2706,50,50
2708,50,50
2710,50,50
2712,50,50
2714,50,50
2716,50,50
2718,50,50
2720,50,50
2722,50,50
2724,50,50
2726,50,50
2728,50,50
2730,50,50
2732,50,50
2734,50,50
2736,50,50
2738,50,50
2740,50,50
2742,50,50
2744,50,50
2746,50,50
2748,50,50
2750,50,50
2752,50,50
2754,50,50
2756,50,50
2758,50,50
2760,50,50
2762,50,50
2764,50,50
2766,50,50
2768,50,50
2770,50,50
2772,50,50
2774,50,50
2776,50,50
2778,50,50
2780,50,50
2782,50,50
2784,50,50
2786,50,50
2788,50,50
2790,50,50
2792,50,50
2794,50,50
2796,50,50
2798,50,50
2800,50,50
2802,50,50
2804,50,50
2806,50,50
2808,50,50
2810,50,50
2812,50,50
2814,50,50
2816,50,50
2818,50,50
2820,50,50
2822,50,50
2824,50,50
2826,50,50
2828,50,50
2830,50,50
2832,50,50
2834,50,50
2836,50,50
2838,50,50
2840,50,50
2842,50,50
2844,50,50
2846,50,50
2848,50,50
2850,50,50
2852,50,50
2854,50,50
2856,50,50
2858,50,50
2860,50,50
2862,50,50
2864,50,50
2866,50,50
2868,50,50
2870,50,50
2872,50,50
2874,50,50
2876,50,50
2878,50,50
2880,50,50
2882,50,50
2884,50,50
2886,50,50
2888,50,50
2890,50,50
2892,50,50
2894,50,50
2896,50,50
2898,50,50
2900,50,50
2902,50,50
2904,50,50
2906,50,50
2908,50,50
2910,50,50
2912,50,50
2914,50,50
2916,50,50
2918,50,50
2920,50,50
2922,50,50
2924,50,50
2926,50,50
2928,50,50
2930,50,50
2932,50,50
2934,50,50
2936,50,50
2938,50,50
2940,50,50
2942,50,50
2944,50,50
2946,50,50
2948,50,50
2950,50,50
2952,50,50
2954,50,50
2956,50,50
2958,50,50
2960,50,50
2962,50,50
2964,50,50
2966,50,50
2968,50,50
2970,50,50
2972,50,50
2974,50,50
2976,50,50
2978,50,50
2980,50,50
2982,50,50
2984,50,50
2986,50,50
2988,50,50
2990,50,50
2992,50,50
2994,50,50
2996,50,50
2998,50,50
3000,50,50
3002,50,50
3004,50,50
3006,50,50
3008,50,50
3010,50,50
3012,50,50
3014,50,50
3016,50,50
3018,50,50
3020,50,50
3022,50,50
3024,50,50
3026,50,50
3028,50,50
3030,50,50
3032,50,50
3034,50,50
3036,50,50
3038,50,50
3040,50,50
3042,50,50
3044,50,50
3046,50,50
3048,50,50
3050,50,50
3052,50,50
3054,50,50
3056,50,50
3058,50,50
3060,50,50
3062,50,50
3064,50,50
3066,50,50
3068,50,50
3070,50,50
3072,50,50
3074,50,50
3076,50,50
3078,50,50
3080,50,50
3082,50,50
3084,50,50
3086,50,50
3088,50,50
3090,50,50
3092,50,50
3094,50,50
3096,50,50
3098,50,50
3100,50,50
3102,50,50
3104,50,50
3106,50,50
3108,50,50
3110,50,50
3112,50,50
3114,50,50
3116,50,50
3118,50,50
3120,50,50
3122,50,50
3124,50,50
3126,50,50
3128,50,50
3130,50,50
3132,50,50
3134,50,50
3136,50,50
3138,50,50
3140,50,50
3142,50,50
3144,50,50
3146,50,50
3148,50,50
3150,50,50
3152,50,50
3154,50,50
3156,50,50
3158,50,50
3160,50,50
3162,50,50
3164,50,50
3166,50,50
3168,50,50
3170,50,50
3172,50,50
3174,50,50
3176,50,50
3178,50,50
3180,50,50
3182,50,50
3184,50,50
3186,50,50
3188,50,50
3190,50,50
3192,50,50
3194,50,50
3196,50,50
3198,50,50
3200,50,50
3202,50,50
3204,50,50
3206,50,50
3208,50,50
3210,50,50
3212,50,50
3214,50,50
3216,50,50
3218,50,50
3220,50,50
3222,50,50
3224,50,50
3226,50,50
3228,50,50
3230,50,50
3232,50,50
3234,50,50
3236,50,50
3238,50,50
3240,50,50
3242,50,50
3244,50,50
3246,50,50
3248,50,50
3250,50,50
3252,50,50
3254,50,50
3256,50,50
3258,50,50
3260,50,50
3262,50,50
3264,50,50
3266,50,50
3268,50,50
3270,50,50
3272,50,50
3274,50,50
3276,50,50
3278,50,50
3280,50,50
3282,50,50
3284,50,50
3286,50,50
3288,50,50
3290,50,50
3292,50,50
3294,50,50
3296,50,50
3298,50,50
3300,50,50
3302,50,50
3304,50,50
3306,50,50
3308,50,50
3310,50,50
3312,50,50
3314,50,50
3316,50,50
3318,50,50
3320,50,50
3322,50,50
3324,50,50
3326,50,50
3328,50,50
3330,50,50
3332,50,50
3334,50,50
3336,50,50
3338,50,50
3340,50,50
3342,50,50
3344,50,50
3346,50,50
3348,50,50
3350,50,50
3352,50,50
3354,50,50
3356,50,50
3358,50,50
3360,50,50
3362,50,50
3364,50,50
3366,50,50
3368,50,50
3370,50,50
3372,50,50
3374,50,50
3376,50,50
3378,50,50
3380,50,50
3382,50,50
3384,50,50
3386,50,50
3388,50,50
3390,50,50
3392,50,50
3394,50,50
3396,50,50
3398,50,50
3400,50,50
3402,50,50
3404,50,50
3406,50,50
3408,50,50
3410,50,50
3412,50,50
3414,50,50
3416,50,50
3418,50,50
3420,50,50
3422,50,50
3424,50,50
3426,50,50
3428,50,50
3430,50,50
3432,50,50
3434,50,50
3436,50,50
3438,50,50
3440,50,50
3442,50,50
3444,50,50
3446,50,50
3448,50,50
3450,50,50
3452,50,50
3454,50,50
3456,50,50
3458,50,50
3460,50,50
3462,50,50
3464,50,50
3466,50,50
3468,50,50
3470,50,50
3472,50,50
3474,50,50
3476,50,50
3478,50,50
3480,50,50
3482,50,50
3484,50,50
3486,50,50
3488,50,50
3490,50,50
3492,50,50
3494,50,50
3496,50,50
3498,50,50
3500,50,50
3502,50,50
3504,50,50
3506,50,50
3508,50,50
3510,50,50
3512,50,50
3514,50,50
3516,50,50
3518,50,50
3520,50,50
3522,50,50
3524,50,50
3526,50,50
3528,50,50
3530,50,50
3532,50,50
3534,50,50
3536,50,50
3538,50,50
3540,50,50
3542,50,50
3544,50,50
3546,50,50
3548,50,50
3550,50,50
3552,50,50
3554,50,50
3556,50,50
3558,50,50
3560,50,50
3562,50,50
3564,50,50
3566,50,50
3568,50,50
3570,50,50
3572,50,50
3574,50,50
3576,50,50
3578,50,50
3580,50,50
3582,50,50
3584,50,50
3586,50,50
3588,50,50
3590,50,50
3592,50,50
3594,50,50
3596,50,50
3598,50,50
3600,50,50
3602,50,50
3604,50,50
3606,50,50
3608,50,50
3610,50,50
3612,50,50
3614,50,50
3616,50,50
3618,50,50
3620,50,50
3622,50,50
3624,50,50
3626,50,50
3628,50,50
3630,50,50
3632,50,50
3634,50,50
3636,50,50
3638,50,50
3640,50,50
3642,50,50
3644,50,50
3646,50,50
3648,50,50
3650,50,50
3652,50,50
3654,50,50
3656,50,50
3658,50,50
3660,50,50
3662,50,50
3664,50,50
3666,50,50
3668,50,50
3670,50,50
3672,50,50
3674,50,50
3676,50,50
3678,50,50
3680,50,50
3682,50,50
3684,50,50
3686,50,50
3688,50,50
3690,50,50
3692,50,50
3694,50,50
3696,50,50
3698,50,50
3700,50,50
3702,50,50
3704,50,50
3706,50,50
3708,50,50
3710,50,50
3712,50,50
3714,50,50
3716,50,50
3718,50,50
3720,50,50
3722,50,50
3724,50,50
3726,50,50
3728,50,50
3730,50,50
3732,50,50
3734,50,50
3736,50,50
3738,50,50
3740,50,50
3742,50,50
3744,50,50
3746,50,50
3748,50,50
3750,50,50
3752,50,50
3754,50,50
3756,50,50
3758,50,50
3760,50,50
3762,50,50
3764,50,50
3766,50,50
3768,50,50
3770,50,50
3772,50,50
3774,50,50
3776,50,50
3778,50,50
3780,50,50
3782,50,50
3784,50,50
3786,50,50
3788,50,50
3790,50,50
3792,50,50
3794,50,50
3796,50,50
3798,50,50
3800,50,50
3802,50,50
3804,50,50
3806,50,50
3808,50,50
3810,50,50
3812,50,50
3814,50,50
3816,50,50
3818,50,50
3820,50,50
3822,50,50
3824,50,50
3826,50,50
3828,50,50
3830,50,50
3832,50,50
3834,50,50
3836,50,50
3838,50,50
3840,50,50
3842,50,50
3844,50,50
3846,50,50
3848,50,50
3850,50,50
3852,50,50
3854,50,50
3856,50,50
3858,50,50
3860,50,50
3862,50,50
3864,50,50
3866,50,50
3868,50,50
3870,50,50
3872,50,50
3874,50,50
3876,50,50
3878,50,50
3880,50,50
3882,50,50
3884,50,50
3886,50,50
3888,50,50
3890,50,50
3892,50,50
3894,50,50
3896,50,50
3898,50,50
3900,50,50
3902,50,50
3904,50,50
3906,50,50
3908,50,50
3910,50,50
3912,50,50
3914,50,50
3916,50,50
3918,50,50
3920,50,50
3922,50,50
3924,50,50
3926,50,50
3928,50,50
3930,50,50
3932,50,50
3934,50,50
3936,50,50
3938,50,50
3940,50,50
3942,50,50
3944,50,50
3946,50,50
3948,50,50
3950,50,50
3952,50,50
3954,50,50
3956,50,50
3958,50,50
3960,50,50
3962,50,50
3964,50,50
3966,50,50
3968,50,50
3970,50,50
3972,50,50
3974,50,50
3976,50,50
3978,50,50
3980,50,50
3982,50,50
3984,50,50
3986,50,50
3988,50,50
3990,50,50
3992,50,50
3994,50,50
3996,50,50
3998,50,50
4000,50,50
4002,50,50
4004,50,50
4006,50,50
4008,50,50
4010,50,50
4012,50,50
4014,50,50
4016,50,50
4018,50,50
4020,50,50
4022,50,50
4024,50,50
4026,50,50
4028,50,50
4030,50,50
4032,50,50
4034,50,50
4036,50,50
4038,50,50
4040,50,50
4042,50,50
4044,50,50
4046,50,50
4048,50,50
4050,50,50
4052,50,50
4054,50,50
4056,50,50
4058,50,50
4060,50,50
4062,50,50
4064,50,50
4066,50,50
4068,50,50
4070,50,50
4072,50,50
4074,50,50
4076,50,50
4078,50,50
4080,50,50
4082,50,50
4084,50,50
4086,50,50
4088,50,50
4090,50,50
4092,50,50
4094,50,50
4096,50,50
4098,50,50
4100,50,50
4102,50,50
4104,50,50
4106,50,50
4108,50,50
4110,50,50
4112,50,50
4114,50,50
4116,50,50
4118,50,50
4120,50,50
4122,50,50
4124,50,50
4126,50,50
4128,50,50
4130,50,50
4132,50,50
4134,50,50
4136,50,50
4138,50,50
4140,50,50
4142,50,50
4144,50,50
4146,50,50
4148,50,50
4150,50,50
4152,50,50
4154,50,50
4156,50,50
4158,50,50
4160,50,50
4162,50,50
4164,50,50
4166,50,50
4168,50,50
4170,50,50
4172,50,50
4174,50,50
4176,50,50
4178,50,50
4180,50,50
4182,50,50
4184,50,50
4186,50,50
4188,50,50
4190,50,50
4192,50,50
4194,50,50
4196,50,50
4198,50,50
4200,50,50
4202,50,50
4204,50,50
4206,50,50
4208,50,50
4210,50,50
4212,50,50
4214,50,50
4216,50,50
4218,50,50
4220,50,50
4222,50,50
4224,50,50
4226,50,50
4228,50,50
4230,50,50
4232,50,50
4234,50,50
4236,50,50
4238,50,50
4240,50,50
4242,50,50
4244,50,50
4246,50,50
4248,50,50
4250,50,50
4252,50,50
4254,50,50
4256,50,50
4258,50,50
4260,50,50
4262,50,50
4264,50,50
4266,50,50
4268,50,50
4270,50,50
4272,50,50
4274,50,50
4276,50,50
4278,50,50
4280,50,50
4282,50,50
4284,50,50
4286,50,50
4288,50,50
4290,50,50
4292,50,50
4294,50,50
4296,50,50
4298,50,50
4300,50,50
4302,50,50
4304,50,50
4306,50,50
4308,50,50
4310,50,50
4312,50,50
4314,50,50
4316,50,50
4318,50,50
4320,50,50
4322,50,50
4324,50,50
4326,50,50
4328,50,50
4330,50,50
4332,50,50
4334,50,50
4336,50,50
4338,50,50
4340,50,50
4342,50,50
4344,50,50
4346,50,50
4348,50,50
4350,50,50
4352,50,50
4354,50,50
4356,50,50
4358,50,50
4360,50,50
4362,50,50
4364,50,50
4366,50,50
4368,50,50
4370,50,50
4372,50,50
4374,50,50
4376,50,50
4378,50,50
4380,50,50
4382,50,50
4384,50,50
4386,50,50
4388,50,50
4390,50,50
4392,50,50
4394,50,50
4396,50,50
4398,50,50
4400,50,50
4402,50,50
4404,50,50
4406,50,50
4408,50,50
4410,50,50
4412,50,50
4414,50,50
4416,50,50
4418,50,50
4420,50,50
4422,50,50
4424,50,50
4426,50,50
4428,50,50
4430,50,50
4432,50,50
4434,50,50
4436,50,50
4438,50,50
4440,50,50
4442,50,50
4444,50,50
4446,50,50
4448,50,50
4450,50,50
4452,50,50
4454,50,50
4456,50,50
4458,50,50
4460,50,50
4462,50,50
4464,50,50
4466,50,50
4468,50,50
4470,50,50
4472,50,50
4474,50,50
4476,50,50
4478,50,50
4480,50,50
4482,50,50
4484,50,50
4486,50,50
4488,50,50
4490,50,50
4492,50,50
4494,50,50
4496,50,50
4498,50,50
4500,50,50
4502,50,50
4504,50,50
4506,50,50
4508,50,50
4510,50,50
4512,50,50
4514,50,50
4516,50,50
4518,50,50
4520,50,50
4522,50,50
4524,50,50
4526,50,50
4528,50,50
4530,50,50
4532,50,50
4534,50,50
4536,50,50
4538,50,50
4540,50,50
4542,50,50
4544,50,50
4546,50,50
4548,50,50
4550,50,50
4552,50,50
4554,50,50
4556,50,50
4558,50,50
4560,50,50
4562,50,50
4564,50,50
4566,50,50
4568,50,50
4570,50,50
4572,50,50
4574,50,50
4576,50,50
4578,50,50
4580,50,50
4582,50,50
4584,50,50
4586,50,50
4588,50,50
4590,50,50
4592,50,50
4594,50,50
4596,50,50
4598,50,50
4600,50,50
4602,50,50
4604,50,50
4606,50,50
4608,50,50
4610,50,50
4612,50,50
4614,50,50
4616,50,50
4618,50,50
4620,50,50
4622,50,50
4624,50,50
4626,50,50
4628,50,50
4630,50,50
4632,50,50
4634,50,50
4636,50,50
4638,50,50
4640,50,50
4642,50,50
4644,50,50
4646,50,50
4648,50,50
4650,50,50
4652,50,50
4654,50,50
4656,50,50
4658,50,50
4660,50,50
4662,50,50
4664,50,50
4666,50,50
4668,50,50
4670,50,50
4672,50,50
4674,50,50
4676,50,50
4678,50,50
4680,50,50
4682,50,50
4684,50,50
4686,50,50
4688,50,50
4690,50,50
4692,50,50
4694,50,50
4696,50,50
4698,50,50
4700,50,50
4702,50,50
4704,50,50
4706,50,50
4708,50,50
4710,50,50
4712,50,50
4714,50,50
4716,50,50
4718,50,50
4720,50,50
4722,50,50
4724,50,50
4726,50,50
4728,50,50
4730,50,50
4732,50,50
4734,50,50
4736,50,50
4738,50,50
4740,50,50
4742,50,50
4744,50,50
4746,50,50
4748,50,50
4750,50,50
4752,50,50
4754,50,50
4756,50,50
4758,50,50
4760,50,50
4762,50,50
4764,50,50
4766,50,50
4768,50,50
4770,50,50
4772,50,50
4774,50,50
4776,50,50
4778,50,50
4780,50,50
4782,50,50
4784,50,50
4786,50,50
4788,50,50
4790,50,50
4792,50,50
4794,50,50
4796,50,50
4798,50,50
4800,50,50
4802,50,50
4804,50,50
4806,50,50
4808,50,50
4810,50,50
4812,50,50
4814,50,50
4816,50,50
4818,50,50
4820,50,50
4822,50,50
4824,50,50
4826,50,50
4828,50,50
4830,50,50
4832,50,50
4834,50,50
4836,50,50
4838,50,50
4840,50,50
4842,50,50
4844,50,50
4846,50,50
4848,50,50
4850,50,50
4852,50,50
4854,50,50
4856,50,50
4858,50,50
4860,50,50
4862,50,50
4864,50,50
4866,50,50
4868,50,50
4870,50,50
4872,50,50
4874,50,50
4876,50,50
4878,50,50
4880,50,50
4882,50,50
4884,50,50
4886,50,50
4888,50,50
4890,50,50
4892,50,50
4894,50,50
4896,50,50
4898,50,50
4900,50,50
4902,50,50
4904,50,50
4906,50,50
4908,50,50
4910,50,50
4912,50,50
4914,50,50
4916,50,50
4918,50,50
4920,50,50
4922,50,50
4924,50,50
4926,50,50
4928,50,50
4930,50,50
4932,50,50
4934,50,50
4936,50,50
4938,50,50
4940,50,50
4942,50,50
4944,50,50
4946,50,50
4948,50,50
4950,50,50
4952,50,50
4954,50,50
4956,50,50
4958,50,50
4960,50,50
4962,50,50
4964,50,50
4966,50,50
4968,50,50
4970,50,50
4972,50,50
4974,50,50
4976,50,50
4978,50,50
4980,50,50
4982,50,50
4984,50,50
4986,50,50
4988,50,50
4990,50,50
4992,50,50
4994,50,50
4996,50,50
4998,50,50
5000,50,50
5002,50,50
5004,50,50
5006,50,50
5008,50,50
5010,50,50
5012,50,50
5014,50,50
5016,50,50
5018,50,50
5020,50,50
5022,50,50
5024,50,50
5026,50,50
5028,50,50
5030,50,50
5032,50,50
5034,50,50
5036,50,50
5038,50,50
5040,50,50
5042,50,50
5044,50,50
5046,50,50
5048,50,50
5050,50,50
5052,50,50
5054,50,50
5056,50,50
5058,50,50
5060,50,50
5062,50,50
5064,50,50
5066,50,50
5068,50,50
5070,50,50
5072,50,50
5074,50,50
5076,50,50
5078,50,50
5080,50,50
5082,50,50
5084,50,50
5086,50,50
5088,50,50
5090,50,50
5092,50,50
5094,50,50
5096,50,50
5098,50,50
5100,50,50
5102,50,50
5104,50,50
5106,50,50
5108,50,50
5110,50,50
5112,50,50
5114,50,50
5116,50,50
5118,50,50
5120,50,50
5122,50,50
5124,50,50
5126,50,50
5128,50,50
5130,50,50
5132,50,50
5134,50,50
5136,50,50
5138,50,50
5140,50,50
5142,50,50
5144,50,50
5146,50,50
5148,50,50
5150,50,50
5152,50,50
5154,50,50
5156,50,50
5158,50,50
5160,50,50
5162,50,50
5164,50,50
5166,50,50
5168,50,50
5170,50,50
5172,50,50
5174,50,50
5176,50,50
5178,50,50
5180,50,50
5182,50,50
5184,50,50
5186,50,50
5188,50,50
5190,50,50
5192,50,50
5194,50,50
5196,50,50
5198,50,50
5200,50,50
5202,50,50
5204,50,50
5206,50,50
5208,50,50
5210,50,50
5212,50,50
5214,50,50
5216,50,50
5218,50,50
5220,50,50
5222,50,50
5224,50,50
5226,50,50
5228,50,50
5230,50,50
5232,50,50
5234,50,50
5236,50,50
5238,50,50
5240,50,50
5242,50,50
5244,50,50
5246,50,50
5248,50,50
5250,50,50
5252,50,50
5254,50,50
5256,50,50
5258,50,50
5260,50,50
5262,50,50
5264,50,50
5266,50,50
5268,50,50
5270,50,50
5272,50,50
5274,50,50
5276,50,50
5278,50,50
5280,50,50
5282,50,50
5284,50,50
5286,50,50
5288,50,50
5290,50,50
5292,50,50
5294,50,50
5296,50,50
5298,50,50
5300,50,50
5302,50,50
5304,50,50
5306,50,50
5308,50,50
5310,50,50
5312,50,50
5314,50,50
5316,50,50
5318,50,50
5320,50,50
5322,50,50
5324,50,50
5326,50,50
5328,50,50
5330,50,50
5332,50,50
5334,50,50
5336,50,50
5338,50,50
5340,50,50
5342,50,50
5344,50,50
5346,50,50
5348,50,50
5350,50,50
5352,50,50
5354,50,50
5356,50,50
5358,50,50
5360,50,50
5362,50,50
5364,50,50
5366,50,50
5368,50,50
5370,50,50
5372,50,50
5374,50,50
5376,50,50
5378,50,50
5380,50,50
5382,50,50
5384,50,50
5386,50,50
5388,50,50
5390,50,50
5392,50,50
5394,50,50
5396,50,50
5398,50,50
5400,50,50
5402,50,50
5404,50,50
5406,50,50
5408,50,50
5410,50,50
5412,50,50
5414,50,50
5416,50,50
5418,50,50
5420,50,50
5422,50,50
5424,50,50
5426,50,50
5428,50,50
5430,50,50
5432,50,50
5434,50,50
5436,50,50
5438,50,50
5440,50,50
5442,50,50
5444,50,50
5446,50,50
5448,50,50
5450,50,50
5452,50,50
5454,50,50
5456,50,50
5458,50,50
5460,50,50
5462,50,50
5464,50,50
5466,50,50
5468,50,50
5470,50,50
5472,50,50
5474,50,50
5476,50,50
5478,50,50
5480,50,50
5482,50,50
5484,50,50
5486,50,50
5488,50,50
5490,50,50
5492,50,50
5494,50,50
5496,50,50
5498,50,50
5500,50,50
5502,50,50
5504,50,50
5506,50,50
5508,50,50
5510,50,50
5512,50,50
5514,50,50
5516,50,50
5518,50,50
5520,50,50
5522,50,50
5524,50,50
5526,50,50
5528,50,50
5530,50,50
5532,50,50
5534,50,50
5536,50,50
5538,50,50
5540,50,50
5542,50,50
5544,50,50
5546,50,50
5548,50,50
5550,50,50
5552,50,50
5554,50,50
5556,50,50
5558,50,50
5560,50,50
5562,50,50
5564,50,50
5566,50,50
5568,50,50
5570,50,50
5572,50,50
5574,50,50
5576,50,50
5578,50,50
5580,50,50
5582,50,50
5584,50,50
5586,50,50
5588,50,50
5590,50,50
5592,50,50
5594,50,50
5596,50,50
5598,50,50
5600,50,50
5602,50,50
5604,50,50
5606,50,50
5608,50,50
5610,50,50
5612,50,50
5614,50,50
5616,50,50
5618,50,50
5620,50,50
5622,50,50
5624,50,50
5626,50,50
5628,50,50
5630,50,50
5632,50,50
5634,50,50
5636,50,50
5638,50,50
5640,50,50
5642,50,50
5644,50,50
5646,50,50
5648,50,50
5650,50,50
5652,50,50
5654,50,50
5656,50,50
5658,50,50
5660,50,50
5662,50,50
5664,50,50
5666,50,50
5668,50,50
5670,50,50
5672,50,50
5674,50,50
5676,50,50
5678,50,50
5680,50,50
5682,50,50
5684,50,50
5686,50,50
5688,50,50
5690,50,50
5692,50,50
5694,50,50
5696,50,50
5698,50,50
5700,50,50
5702,50,50
5704,50,50
5706,50,50
5708,50,50
5710,50,50
5712,50,50
5714,50,50
5716,50,50
5718,50,50
5720,50,50
5722,50,50
5724,50,50
5726,50,50
5728,50,50
5730,50,50
5732,50,50
5734,50,50
5736,50,50
5738,50,50
5740,50,50
5742,50,50
5744,50,50
5746,50,50
5748,50,50
5750,50,50
5752,50,50
5754,50,50
5756,50,50
5758,50,50
5760,50,50
5762,50,50
5764,50,50
5766,50,50
5768,50,50
5770,50,50
5772,50,50
5774,50,50
5776,50,50
5778,50,50
5780,50,50
5782,50,50
5784,50,50
5786,50,50
5788,50,50
5790,50,50
5792,50,50
5794,50,50
5796,50,50
5798,50,50
5800,50,50
5802,50,50
5804,50,50
5806,50,50
5808,50,50
5810,50,50
5812,50,50
5814,50,50
5816,50,50
5818,50,50
5820,50,50
5822,50,50
5824,50,50
5826,50,50
5828,50,50
5830,50,50
5832,50,50
5834,50,50
5836,50,50
5838,50,50
5840,50,50
5842,50,50
5844,50,50
5846,50,50
5848,50,50
5850,50,50
5852,50,50
5854,50,50
5856,50,50
5858,50,50
5860,50,50
5862,50,50
5864,50,50
5866,50,50
5868,50,50
5870,50,50
5872,50,50
5874,50,50
5876,50,50
5878,50,50
5880,50,50
5882,50,50
5884,50,50
5886,50,50
5888,50,50
5890,50,50
5892,50,50
5894,50,50
5896,50,50
5898,50,50
5900,50,50
5902,50,50
5904,50,50
5906,50,50
5908,50,50
5910,50,50
5912,50,50
5914,50,50
5916,50,50
5918,50,50
5920,50,50
5922,50,50
5924,50,50
5926,50,50
5928,50,50
5930,50,50
5932,50,50
5934,50,50
5936,50,50
5938,50,50
5940,50,50
5942,50,50
5944,50,50
5946,50,50
5948,50,50
5950,50,50
5952,50,50
5954,50,50
5956,50,50
5958,50,50
5960,50,50
5962,50,50
5964,50,50
5966,50,50
5968,50,50
5970,50,50
5972,50,50
5974,50,50
5976,50,50
5978,50,50
5980,50,50
5982,50,50
5984,50,50
5986,50,50
5988,50,50
5990,50,50
5992,50,50
5994,50,50
5996,50,50
5998,50,50
6000,50,50
6002,50,50
6004,50,50
6006,50,50
6008,50,50
6010,50,50
6012,50,50
6014,50,50
6016,50,50
6018,50,50
6020,50,50
6022,50,50
6024,50,50
6026,50,50
6028,50,50
6030,50,50
6032,50,50
6034,50,50
6036,50,50
6038,50,50
6040,50,50
6042,50,50
6044,50,50
6046,50,50
6048,50,50
6050,50,50
6052,50,50
6054,50,50
6056,50,50
6058,50,50
6060,50,50
6062,50,50
6064,50,50
6066,50,50
6068,50,50
6070,50,50
6072,50,50
6074,50,50
6076,50,50
6078,50,50
6080,50,50
6082,50,50
6084,50,50
6086,50,50
6088,50,50
6090,50,50
6092,50,50
6094,50,50
6096,50,50
6098,50,50
6100,50,50
6102,50,50
6104,50,50
6106,50,50
6108,50,50
6110,50,50
6112,50,50
6114,50,50
6116,50,50
6118,50,50
6120,50,50
6122,50,50
6124,50,50
6126,50,50
6128,50,50
6130,50,50
6132,50,50
6134,50,50
6136,50,50
6138,50,50
6140,50,50
6142,50,50
6144,50,50
6146,50,50
6148,50,50
6150,50,50
6152,50,50
6154,50,50
6156,50,50
6158,50,50
6160,50,50
6162,50,50
6164,50,50
6166,50,50
6168,50,50
6170,50,50
6172,50,50
6174,50,50
6176,50,50
6178,50,50
6180,50,50
6182,50,50
6184,50,50
6186,50,50
6188,50,50
6190,50,50
6192,50,50
6194,50,50
6196,50,50
6198,50,50
6200,50,50
6202,50,50
6204,50,50
6206,50,50
6208,50,50
6210,50,50
6212,50,50
6214,50,50
6216,50,50
6218,50,50
6220,50,50
6222,50,50
6224,50,50
6226,50,50
6228,50,50
6230,50,50
6232,50,50
6234,50,50
6236,50,50
6238,50,50
6240,50,50
6242,50,50
6244,50,50
6246,50,50
6248,50,50
6250,50,50
6252,50,50
6254,50,50
6256,50,50
6258,50,50
6260,50,50
6262,50,50
6264,50,50
6266,50,50
6268,50,50
6270,50,50
6272,50,50
6274,50,50
6276,50,50
6278,50,50
6280,50,50
6282,50,50
6284,50,50
6286,50,50
6288,50,50
6290,50,50
6292,50,50
6294,50,50
6296,50,50
6298,50,50
6300,50,50
6302,50,50
6304,50,50
6306,50,50
6308,50,50
6310,50,50
6312,50,50
6314,50,50
6316,50,50
6318,50,50
6320,50,50
6322,50,50
6324,50,50
6326,50,50
6328,50,50
6330,50,50
6332,50,50
6334,50,50
6336,50,50
6338,50,50
6340,50,50
6342,50,50
6344,50,50
6346,50,50
6348,50,50
6350,50,50
6352,50,50
6354,50,50
6356,50,50
6358,50,50
6360,50,50
6362,50,50
6364,50,50
6366,50,50
6368,50,50
6370,50,50
6372,50,50
6374,50,50
6376,50,50
6378,50,50
6380,50,50
6382,50,50
6384,50,50
6386,50,50
6388,50,50
6390,50,50
6392,50,50
6394,50,50
6396,50,50
6398,50,50
6400,50,50
6402,50,50
6404,50,50
6406,50,50
6408,50,50
6410,50,50
6412,50,50
6414,50,50
6416,50,50
6418,50,50
6420,50,50
6422,50,50
6424,50,50
6426,50,50
6428,50,50
6430,50,50
6432,50,50
6434,50,50
6436,50,50
6438,50,50
6440,50,50
6442,50,50
6444,50,50
6446,50,50
6448,50,50
6450,50,50
6452,50,50
6454,50,50
6456,50,50
6458,50,50
6460,50,50
6462,50,50
6464,50,50
6466,50,50
6468,50,50
6470,50,50
6472,50,50
6474,50,50
6476,50,50
6478,50,50
6480,50,50
6482,50,50
6484,50,50
6486,50,50
6488,50,50
6490,50,50
6492,50,50
6494,50,50
6496,50,50
6498,50,50
6500,50,50
6502,50,50
6504,50,50
6506,50,50
6508,50,50
6510,50,50
6512,50,50
6514,50,50
6516,50,50
6518,50,50
6520,50,50
6522,50,50
6524,50,50
6526,50,50
6528,50,50
6530,50,50
6532,50,50
6534,50,50
6536,50,50
6538,50,50
6540,50,50
6542,50,50
6544,50,50
6546,50,50
6548,50,50
6550,50,50
6552,50,50
6554,50,50
6556,50,50
6558,50,50
6560,50,50
6562,50,50
6564,50,50
6566,50,50
6568,50,50
6570,50,50
6572,50,50
6574,50,50
6576,50,50
6578,50,50
6580,50,50
6582,50,50
6584,50,50
6586,50,50
6588,50,50
6590,50,50
6592,50,50
6594,50,50
6596,50,50
6598,50,50
6600,50,50
6602,50,50
6604,50,50
6606,50,50
6608,50,50
6610,50,50
6612,50,50
6614,50,50
6616,50,50
6618,50,50
6620,50,50
6622,50,50
6624,50,50
6626,50,50
6628,50,50
6630,50,50
6632,50,50
6634,50,50
6636,50,50
6638,50,50
6640,50,50
6642,50,50
6644,50,50
6646,50,50
6648,50,50
6650,50,50
6652,50,50
6654,50,50
6656,50,50
6658,50,50
6660,50,50
6662,50,50
6664,50,50
6666,50,50
6668,50,50
6670,50,50
6672,50,50
6674,50,50
6676,50,50
6678,50,50
6680,50,50
6682,50,50
6684,50,50
6686,50,50
6688,50,50
6690,50,50
6692,50,50
6694,50,50
6696,50,50
6698,50,50
6700,50,50
6702,50,50
6704,50,50
6706,50,50
6708,50,50
6710,50,50
6712,50,50
6714,50,50
6716,50,50
6718,50,50
6720,50,50
6722,50,50
6724,50,50
6726,50,50
6728,50,50
6730,50,50
6732,50,50
6734,50,50
6736,50,50
6738,50,50
6740,50,50
6742,50,50
6744,50,50
6746,50,50
6748,50,50
6750,50,50
6752,50,50
6754,50,50
6756,50,50
6758,50,50
6760,50,50
6762,50,50
6764,50,50
6766,50,50
6768,50,50
6770,50,50
6772,50,50
6774,50,50
6776,50,50
6778,50,50
6780,50,50
6782,50,50
6784,50,50
6786,50,50
6788,50,50
6790,50,50
6792,50,50
6794,50,50
6796,50,50
6798,50,50
6800,50,50
6802,50,50
6804,50,50
6806,50,50
6808,50,50
6810,50,50
6812,50,50
6814,50,50
6816,50,50
6818,50,50
6820,50,50
6822,50,50
6824,50,50
6826,50,50
6828,50,50
6830,50,50
6832,50,50
6834,50,50
6836,50,50
6838,50,50
6840,50,50
6842,50,50
6844,50,50
6846,50,50
6848,50,50
6850,50,50
6852,50,50
6854,50,50
6856,50,50
6858,50,50
6860,50,50
6862,50,50
6864,50,50
6866,50,50
6868,50,50
6870,50,50
6872,50,50
6874,50,50
6876,50,50
6878,50,50
6880,50,50
6882,50,50
6884,50,50
6886,50,50
6888,50,50
6890,50,50
6892,50,50
6894,50,50
6896,50,50
6898,50,50
6900,50,50
6902,50,50
6904,50,50
6906,50,50
6908,50,50
6910,50,50
6912,50,50
6914,50,50
6916,50,50
6918,50,50
6920,50,50
6922,50,50
6924,50,50
6926,50,50
6928,50,50
6930,50,50
6932,50,50
6934,50,50
6936,50,50
6938,50,50
6940,50,50
6942,50,50
6944,50,50
6946,50,50
6948,50,50
6950,50,50
6952,50,50
6954,50,50
6956,50,50
6958,50,50
6960,50,50
6962,50,50
6964,50,50
6966,50,50
6968,50,50
6970,50,50
6972,50,50
6974,50,50
6976,50,50
6978,50,50
6980,50,50
6982,50,50
6984,50,50
6986,50,50
6988,50,50
6990,50,50
6992,50,50
6994,50,50
6996,50,50
6998,50,50
7000,50,50
7002,50,50
7004,50,50
7006,50,50
7008,50,50
7010,50,50
7012,50,50
7014,50,50
7016,50,50
7018,50,50
7020,50,50
7022,50,50
7024,50,50
7026,50,50
7028,50,50
7030,50,50
7032,50,50
7034,50,50
7036,50,50
7038,50,50
7040,50,50
7042,50,50
7044,50,50
7046,50,50
7048,50,50
7050,50,50
7052,50,50
7054,50,50
7056,50,50
7058,50,50
7060,50,50
7062,50,50
7064,50,50
7066,50,50
7068,50,50
7070,50,50
7072,50,50
7074,50,50
7076,50,50
7078,50,50
7080,50,50
7082,50,50
7084,50,50
7086,50,50
7088,50,50
7090,50,50
7092,50,50
7094,50,50
7096,50,50
7098,50,50
7100,50,50
7102,50,50
7104,50,50
7106,50,50
7108,50,50
7110,50,50
7112,50,50
7114,50,50
7116,50,50
7118,50,50
7120,50,50
7122,50,50
7124,50,50
7126,50,50
7128,50,50
7130,50,50
7132,50,50
7134,50,50
7136,50,50
7138,50,50
7140,50,50
7142,50,50
7144,50,50
7146,50,50
7148,50,50
7150,50,50
7152,50,50
7154,50,50
7156,50,50
7158,50,50
7160,50,50
7162,50,50
7164,50,50
7166,50,50
7168,50,50
7170,50,50
7172,50,50
7174,50,50
7176,50,50
7178,50,50
7180,50,50
7182,50,50
7184,50,50
7186,50,50
7188,50,50
7190,50,50
7192,50,50
7194,50,50
7196,50,50
7198,50,50
7200,50,50
7202,50,50
7204,50,50
7206,50,50
7208,50,50
7210,50,50
7212,50,50
7214,50,50
7216,50,50
7218,50,50
7220,50,50
7222,50,50
7224,50,50
7226,50,50
7228,50,50
7230,50,50
7232,50,50
7234,50,50
7236,50,50
7238,50,50
7240,50,50
7242,50,50
7244,50,50
7246,50,50
7248,50,50
7250,50,50
7252,50,50
7254,50,50
7256,50,50
7258,50,50
7260,50,50
7262,50,50
7264,50,50
7266,50,50
7268,50,50
7270,50,50
7272,50,50
7274,50,50
7276,50,50
7278,50,50
7280,50,50
7282,50,50
7284,50,50
7286,50,50
7288,50,50
7290,50,50
7292,50,50
7294,50,50
7296,50,50
7298,50,50
7300,50,50
7302,50,50
7304,50,50
7306,50,50
7308,50,50
7310,50,50
7312,50,50
7314,50,50
7316,50,50
7318,50,50
7320,50,50
7322,50,50
7324,50,50
7326,50,50
7328,50,50
7330,50,50
7332,50,50
7334,50,50
7336,50,50
7338,50,50
7340,50,50
7342,50,50
7344,50,50
7346,50,50
7348,50,50
7350,50,50
7352,50,50
7354,50,50
7356,50,50
7358,50,50
7360,50,50
7362,50,50
7364,50,50
7366,50,50
7368,50,50
7370,50,50
7372,50,50
7374,50,50
7376,50,50
7378,50,50
7380,50,50
7382,50,50
7384,50,50
7386,50,50
7388,50,50
7390,50,50
7392,50,50
7394,50,50
7396,50,50
7398,50,50
7400,50,50
7402,50,50
7404,50,50
7406,50,50
7408,50,50
7410,50,50
7412,50,50
7414,50,50
7416,50,50
7418,50,50
7420,50,50
7422,50,50
7424,50,50
7426,50,50
7428,50,50
7430,50,50
7432,50,50
7434,50,50
7436,50,50
7438,50,50
7440,50,50
7442,50,50
7444,50,50
7446,50,50
7448,50,50
7450,50,50
7452,50,50
7454,50,50
7456,50,50
7458,50,50
7460,50,50
7462,50,50
7464,50,50
7466,50,50
7468,50,50
7470,50,50
7472,50,50
7474,50,50
7476,50,50
7478,50,50
7480,50,50
7482,50,50
7484,50,50
7486,50,50
7488,50,50
7490,50,50
7492,50,50
7494,50,50
7496,50,50
7498,50,50
7500,50,50
7502,50,50
7504,50,50
7506,50,50
7508,50,50
7510,50,50
7512,50,50
7514,50,50
7516,50,50
7518,50,50
7520,50,50
7522,50,50
7524,50,50
7526,50,50
7528,50,50
7530,50,50
7532,50,50
7534,50,50
7536,50,50
7538,50,50
7540,50,50
7542,50,50
7544,50,50
7546,50,50
7548,50,50
7550,50,50
7552,50,50
7554,50,50
7556,50,50
7558,50,50
7560,50,50
7562,50,50
7564,50,50
7566,50,50
7568,50,50
7570,50,50
7572,50,50
7574,50,50
7576,50,50
7578,50,50
7580,50,50
7582,50,50
7584,50,50
7586,50,50
7588,50,50
7590,50,50
7592,50,50
7594,50,50
7596,50,50
7598,50,50
7600,50,50
7602,50,50
7604,50,50
7606,50,50
7608,50,50
7610,50,50
7612,50,50
7614,50,50
7616,50,50
7618,50,50
7620,50,50
7622,50,50
7624,50,50
7626,50,50
7628,50,50
7630,50,50
7632,50,50
7634,50,50
7636,50,50
7638,50,50
7640,50,50
7642,50,50
7644,50,50
7646,50,50
7648,50,50
7650,50,50
7652,50,50
7654,50,50
7656,50,50
7658,50,50
7660,50,50
7662,50,50
7664,50,50
7666,50,50
7668,50,50
7670,50,50
7672,50,50
7674,50,50
7676,50,50
7678,50,50
7680,50,50
7682,50,50
7684,50,50
7686,50,50
7688,50,50
7690,50,50
7692,50,50
7694,50,50
7696,50,50
7698,50,50
7700,50,50
7702,50,50
7704,50,50
7706,50,50
7708,50,50
7710,50,50
7712,50,50
7714,50,50
7716,50,50
7718,50,50
7720,50,50
7722,50,50
7724,50,50
7726,50,50
7728,50,50
7730,50,50
7732,50,50
7734,50,50
7736,50,50
7738,50,50
7740,50,50
7742,50,50
7744,50,50
7746,50,50
7748,50,50
7750,50,50
7752,50,50
7754,50,50
7756,50,50
7758,50,50
7760,50,50
7762,50,50
7764,50,50
7766,50,50
7768,50,50
7770,50,50
7772,50,50
7774,50,50
7776,50,50
7778,50,50
7780,50,50
7782,50,50
7784,50,50
7786,50,50
7788,50,50
7790,50,50
7792,50,50
7794,50,50
7796,50,50
7798,50,50
7800,50,50
7802,50,50
7804,50,50
7806,50,50
7808,50,50
7810,50,50
7812,50,50
7814,50,50
7816,50,50
7818,50,50
7820,50,50
7822,50,50
7824,50,50
7826,50,50
7828,50,50
7830,50,50
7832,50,50
7834,50,50
7836,50,50
7838,50,50
7840,50,50
7842,50,50
7844,50,50
7846,50,50
7848,50,50
7850,50,50
7852,50,50
7854,50,50
7856,50,50
7858,50,50
7860,50,50
7862,50,50
7864,50,50
7866,50,50
7868,50,50
7870,50,50
7872,50,50
7874,50,50
7876,50,50
7878,50,50
7880,50,50
7882,50,50
7884,50,50
7886,50,50
7888,50,50
7890,50,50
7892,50,50
7894,50,50
7896,50,50
7898,50,50
7900,50,50
7902,50,50
7904,50,50
7906,50,50
7908,50,50
7910,50,50
7912,50,50
7914,50,50
7916,50,50
7918,50,50
7920,50,50
7922,50,50
7924,50,50
7926,50,50
7928,50,50
7930,50,50
7932,50,50
7934,50,50
7936,50,50
7938,50,50
7940,50,50
7942,50,50
7944,50,50
7946,50,50
7948,50,50
7950,50,50
7952,50,50
7954,50,50
7956,50,50
7958,50,50
7960,50,50
7962,50,50
7964,50,50
7966,50,50
7968,50,50
7970,50,50
7972,50,50
7974,50,50
7976,50,50
7978,50,50
7980,50,50
7982,50,50
7984,50,50
7986,50,50
7988,50,50
7990,50,50
7992,50,50
7994,50,50
7996,50,50
7998,50,50
8000,50,50
8002,50,50
8004,50,50
8006,50,50
8008,50,50
8010,50,50
8012,50,50
8014,50,50
8016,50,50
8018,50,50
8020,50,50
8022,50,50
8024,50,50
8026,50,50
8028,50,50
8030,50,50
8032,50,50
8034,50,50
8036,50,50
8038,50,50
8040,50,50
8042,50,50
8044,50,50
8046,50,50
8048,50,50
8050,50,50
8052,50,50
8054,50,50
8056,50,50
8058,50,50
8060,50,50
8062,50,50
8064,50,50
8066,50,50
8068,50,50
8070,50,50
8072,50,50
8074,50,50
8076,50,50
8078,50,50
8080,50,50
8082,50,50
8084,50,50
8086,50,50
8088,50,50
8090,50,50
8092,50,50
8094,50,50
8096,50,50
8098,50,50
8100,50,50
8102,50,50
8104,50,50
8106,50,50
8108,50,50
8110,50,50
8112,50,50
8114,50,50
8116,50,50
8118,50,50
8120,50,50
8122,50,50
8124,50,50
8126,50,50
8128,50,50
8130,50,50
8132,50,50
8134,50,50
8136,50,50
8138,50,50
8140,50,50
8142,50,50
8144,50,50
8146,50,50
8148,50,50
8150,50,50
8152,50,50
8154,50,50
8156,50,50
8158,50,50
8160,50,50
8162,50,50
8164,50,50
8166,50,50
8168,50,50
8170,50,50
8172,50,50
8174,50,50
8176,50,50
8178,50,50
8180,50,50
8182,50,50
8184,50,50
8186,50,50
8188,50,50
8190,50,50
8192,50,50
8194,50,50
8196,50,50
8198,50,50
8200,50,50
8202,50,50
8204,50,50
8206,50,50
8208,50,50
8210,50,50
8212,50,50
8214,50,50
8216,50,50
8218,50,50
8220,50,50
8222,50,50
8224,50,50
8226,50,50
8228,50,50
8230,50,50
8232,50,50
8234,50,50
8236,50,50
8238,50,50
8240,50,50
8242,50,50
8244,50,50
8246,50,50
8248,50,50
8250,50,50
8252,50,50
8254,50,50
8256,50,50
8258,50,50
8260,50,50
8262,50,50
8264,50,50
8266,50,50
8268,50,50
8270,50,50
8272,50,50
8274,50,50
8276,50,50
8278,50,50
8280,50,50
8282,50,50
8284,50,50
8286,50,50
8288,50,50
8290,50,50
8292,50,50
8294,50,50
8296,50,50
8298,50,50
8300,50,50
8302,50,50
8304,50,50
8306,50,50
8308,50,50
8310,50,50
8312,50,50
8314,50,50
8316,50,50
8318,50,50
8320,50,50
8322,50,50
8324,50,50
8326,50,50
8328,50,50
8330,50,50
8332,50,50
8334,50,50
8336,50,50
8338,50,50
8340,50,50
8342,50,50
8344,50,50
8346,50,50
8348,50,50
8350,50,50
8352,50,50
8354,50,50
8356,50,50
8358,50,50
8360,50,50
8362,50,50
8364,50,50
8366,50,50
8368,50,50
8370,50,50
8372,50,50
8374,50,50
8376,50,50
8378,50,50
8380,50,50
8382,50,50
8384,50,50
8386,50,50
8388,50,50
8390,50,50
8392,50,50
8394,50,50
8396,50,50
8398,50,50
8400,50,50
8402,50,50
8404,50,50
8406,50,50
8408,50,50
8410,50,50
8412,50,50
8414,50,50
8416,50,50
8418,50,50
8420,50,50
8422,50,50
8424,50,50
8426,50,50
8428,50,50
8430,50,50
8432,50,50
8434,50,50
8436,50,50
8438,50,50
8440,50,50
8442,50,50
8444,50,50
8446,50,50
8448,50,50
8450,50,50
8452,50,50
8454,50,50
8456,50,50
8458,50,50
8460,50,50
8462,50,50
8464,50,50
8466,50,50
8468,50,50
8470,50,50
8472,50,50
8474,50,50
8476,50,50
8478,50,50
8480,50,50
8482,50,50
8484,50,50
8486,50,50
8488,50,50
8490,50,50
8492,50,50
8494,50,50
8496,50,50
8498,50,50
8500,50,50
8502,50,50
8504,50,50
8506,50,50
8508,50,50
8510,50,50
8512,50,50
8514,50,50
8516,50,50
8518,50,50
8520,50,50
8522,50,50
8524,50,50
8526,50,50
8528,50,50
8530,50,50
8532,50,50
8534,50,50
8536,50,50
8538,50,50
8540,50,50
8542,50,50
8544,50,50
8546,50,50
8548,50,50
8550,50,50
8552,50,50
8554,50,50
8556,50,50
8558,50,50
8560,50,50
8562,50,50
8564,50,50
8566,50,50
8568,50,50
8570,50,50
8572,50,50
8574,50,50
8576,50,50
8578,50,50
8580,50,50
8582,50,50
8584,50,50
8586,50,50
8588,50,50
8590,50,50
8592,50,50
8594,50,50
8596,50,50
8598,50,50
8600,50,50
8602,50,50
8604,50,50
8606,50,50
8608,50,50
8610,50,50
8612,50,50
8614,50,50
8616,50,50
8618,50,50
8620,50,50
8622,50,50
8624,50,50
8626,50,50
8628,50,50
8630,50,50
8632,50,50
8634,50,50
8636,50,50
8638,50,50
8640,50,50
8642,50,50
8644,50,50
8646,50,50
8648,50,50
8650,50,50
8652,50,50
8654,50,50
8656,50,50
8658,50,50
8660,50,50
8662,50,50
8664,50,50
8666,50,50
8668,50,50
8670,50,50
8672,50,50
8674,50,50
8676,50,50
8678,50,50
8680,50,50
8682,50,50
8684,50,50
8686,50,50
8688,50,50
8690,50,50
8692,50,50
8694,50,50
8696,50,50
8698,50,50
8700,50,50
8702,50,50
8704,50,50
8706,50,50
8708,50,50
8710,50,50
8712,50,50
8714,50,50
8716,50,50
8718,50,50
8720,50,50
8722,50,50
8724,50,50
8726,50,50
8728,50,50
8730,50,50
8732,50,50
8734,50,50
8736,50,50
8738,50,50
8740,50,50
8742,50,50
8744,50,50
8746,50,50
8748,50,50
8750,50,50
8752,50,50
8754,50,50
8756,50,50
8758,50,50
8760,50,50
8762,50,50
8764,50,50
8766,50,50
8768,50,50
8770,50,50
8772,50,50
8774,50,50
8776,50,50
8778,50,50
8780,50,50
8782,50,50
8784,50,50
8786,50,50
8788,50,50
8790,50,50
8792,50,50
8794,50,50
8796,50,50
8798,50,50
8800,50,50
8802,50,50
8804,50,50
8806,50,50
8808,50,50
8810,50,50
8812,50,50
8814,50,50
8816,50,50
8818,50,50
8820,50,50
8822,50,50
8824,50,50
8826,50,50
8828,50,50
8830,50,50
8832,50,50
8834,50,50
8836,50,50
8838,50,50
8840,50,50
8842,50,50
8844,50,50
8846,50,50
8848,50,50
8850,50,50
8852,50,50
8854,50,50
8856,50,50
8858,50,50
8860,50,50
8862,50,50
8864,50,50
8866,50,50
8868,50,50
8870,50,50
8872,50,50
8874,50,50
8876,50,50
8878,50,50
8880,50,50
8882,50,50
8884,50,50
8886,50,50
8888,50,50
8890,50,50
8892,50,50
8894,50,50
8896,50,50
8898,50,50
8900,50,50
8902,50,50
8904,50,50
8906,50,50
8908,50,50
8910,50,50
8912,50,50
8914,50,50
8916,50,50
8918,50,50
8920,50,50
8922,50,50
8924,50,50
8926,50,50
8928,50,50
8930,50,50
8932,50,50
8934,50,50
8936,50,50
8938,50,50
8940,50,50
8942,50,50
8944,50,50
8946,50,50
8948,50,50
8950,50,50
8952,50,50
8954,50,50
8956,50,50
8958,50,50
8960,50,50
8962,50,50
8964,50,50
8966,50,50
8968,50,50
8970,50,50
8972,50,50
8974,50,50
8976,50,50
8978,50,50
8980,50,50
8982,50,50
8984,50,50
8986,50,50
8988,50,50
8990,50,50
8992,50,50
8994,50,50
8996,50,50
8998,50,50
9000,50,50
9002,50,50
9004,50,50
9006,50,50
9008,50,50
9010,50,50
9012,50,50
9014,50,50
9016,50,50
9018,50,50
9020,50,50
9022,50,50
9024,50,50
9026,50,50
9028,50,50
9030,50,50
9032,50,50
9034,50,50
9036,50,50
9038,50,50
9040,50,50
9042,50,50
9044,50,50
9046,50,50
9048,50,50
9050,50,50
9052,50,50
9054,50,50
9056,50,50
9058,50,50
9060,50,50
9062,50,50
9064,50,50
9066,50,50
9068,50,50
9070,50,50
9072,50,50
9074,50,50
9076,50,50
9078,50,50
9080,50,50
9082,50,50
9084,50,50
9086,50,50
9088,50,50
9090,50,50
9092,50,50
9094,50,50
9096,50,50
9098,50,50
9100,50,50
9102,50,50
9104,50,50
9106,50,50
9108,50,50
9110,50,50
9112,50,50
9114,50,50
9116,50,50
9118,50,50
9120,50,50
9122,50,50
9124,50,50
9126,50,50
9128,50,50
9130,50,50
9132,50,50
9134,50,50
9136,50,50
9138,50,50
9140,50,50
9142,50,50
9144,50,50
9146,50,50
9148,50,50
9150,50,50
9152,50,50
9154,50,50
9156,50,50
9158,50,50
9160,50,50
9162,50,50
9164,50,50
9166,50,50
9168,50,50
9170,50,50
9172,50,50
9174,50,50
9176,50,50
9178,50,50
9180,50,50
9182,50,50
9184,50,50
9186,50,50
9188,50,50
9190,50,50
9192,50,50
9194,50,50
9196,50,50
9198,50,50
9200,50,50
9202,50,50
9204,50,50
9206,50,50
9208,50,50
9210,50,50
9212,50,50
9214,50,50
9216,50,50
9218,50,50
9220,50,50
9222,50,50
9224,50,50
9226,50,50
9228,50,50
9230,50,50
9232,50,50
9234,50,50
9236,50,50
9238,50,50
9240,50,50
9242,50,50
9244,50,50
9246,50,50
9248,50,50
9250,50,50
9252,50,50
9254,50,50
9256,50,50
9258,50,50
9260,50,50
9262,50,50
9264,50,50
9266,50,50
9268,50,50
9270,50,50
9272,50,50
9274,50,50
9276,50,50
9278,50,50
9280,50,50
9282,50,50
9284,50,50
9286,50,50
9288,50,50
9290,50,50
9292,50,50
9294,50,50
9296,50,50
9298,50,50
9300,50,50
9302,50,50
9304,50,50
9306,50,50
9308,50,50
9310,50,50
9312,50,50
9314,50,50
9316,50,50
9318,50,50
9320,50,50
9322,50,50
9324,50,50
9326,50,50
9328,50,50
9330,50,50
9332,50,50
9334,50,50
9336,50,50
9338,50,50
9340,50,50
9342,50,50
9344,50,50
9346,50,50
9348,50,50
9350,50,50
9352,50,50
9354,50,50
9356,50,50
9358,50,50
9360,50,50
9362,50,50
9364,50,50
9366,50,50
9368,50,50
9370,50,50
9372,50,50
9374,50,50
9376,50,50
9378,50,50
9380,50,50
9382,50,50
9384,50,50
9386,50,50
9388,50,50
9390,50,50
9392,50,50
9394,50,50
9396,50,50
9398,50,50
9400,50,50
9402,50,50
9404,50,50
9406,50,50
9408,50,50
9410,50,50
9412,50,50
9414,50,50
9416,50,50
9418,50,50
9420,50,50
9422,50,50
9424,50,50
9426,50,50
9428,50,50
9430,50,50
9432,50,50
9434,50,50
9436,50,50
9438,50,50
9440,50,50
9442,50,50
9444,50,50
9446,50,50
9448,50,50
9450,50,50
9452,50,50
9454,50,50
9456,50,50
9458,50,50
9460,50,50
9462,50,50
9464,50,50
9466,50,50
9468,50,50
9470,50,50
9472,50,50
9474,50,50
9476,50,50
9478,50,50
9480,50,50
9482,50,50
9484,50,50
9486,50,50
9488,50,50
9490,50,50
9492,50,50
9494,50,50
9496,50,50
9498,50,50
9500,50,50
9502,50,50
9504,50,50
9506,50,50
9508,50,50
9510,50,50
9512,50,50
9514,50,50
9516,50,50
9518,50,50
9520,50,50
9522,50,50
9524,50,50
9526,50,50
9528,50,50
9530,50,50
9532,50,50
9534,50,50
9536,50,50
9538,50,50
9540,50,50
9542,50,50
9544,50,50
9546,50,50
9548,50,50
9550,50,50
9552,50,50
9554,50,50
9556,50,50
9558,50,50
9560,50,50
9562,50,50
9564,50,50
9566,50,50
9568,50,50
9570,50,50
9572,50,50
9574,50,50
9576,50,50
9578,50,50
9580,50,50
9582,50,50
9584,50,50
9586,50,50
9588,50,50
9590,50,50
9592,50,50
9594,50,50
9596,50,50
9598,50,50
9600,50,50
9602,50,50
9604,50,50
9606,50,50
9608,50,50
9610,50,50
9612,50,50
9614,50,50
9616,50,50
9618,50,50
9620,50,50
9622,50,50
9624,50,50
9626,50,50
9628,50,50
9630,50,50
9632,50,50
9634,50,50
9636,50,50
9638,50,50
9640,50,50
9642,50,50
9644,50,50
9646,50,50
9648,50,50
9650,50,50
9652,50,50
9654,50,50
9656,50,50
9658,50,50
9660,50,50
9662,50,50
9664,50,50
9666,50,50
9668,50,50
9670,50,50
9672,50,50
9674,50,50
9676,50,50
9678,50,50
9680,50,50
9682,50,50
9684,50,50
9686,50,50
9688,50,50
9690,50,50
9692,50,50
9694,50,50
9696,50,50
9698,50,50
9700,50,50
9702,50,50
9704,50,50
9706,50,50
9708,50,50
9710,50,50
9712,50,50
9714,50,50
9716,50,50
9718,50,50
9720,50,50
9722,50,50
9724,50,50
9726,50,50
9728,50,50
9730,50,50
9732,50,50
9734,50,50
9736,50,50
9738,50,50
9740,50,50
9742,50,50
9744,50,50
9746,50,50
9748,50,50
9750,50,50
9752,50,50
9754,50,50
9756,50,50
9758,50,50
9760,50,50
9762,50,50
9764,50,50
9766,50,50
9768,50,50
9770,50,50
9772,50,50
9774,50,50
9776,50,50
9778,50,50
9780,50,50
9782,50,50
9784,50,50
9786,50,50
9788,50,50
9790,50,50
9792,50,50
9794,50,50
9796,50,50
9798,50,50
9800,50,50
9802,50,50
9804,50,50
9806,50,50
9808,50,50
9810,50,50
9812,50,50
9814,50,50
9816,50,50
9818,50,50
9820,50,50
9822,50,50
9824,50,50
9826,50,50
9828,50,50
9830,50,50
9832,50,50
9834,50,50
9836,50,50
9838,50,50
9840,50,50
9842,50,50
9844,50,50
9846,50,50
9848,50,50
9850,50,50
9852,50,50
9854,50,50
9856,50,50
9858,50,50
9860,50,50
9862,50,50
9864,50,50
9866,50,50
9868,50,50
9870,50,50
9872,50,50
9874,50,50
9876,50,50
9878,50,50
9880,50,50
9882,50,50
9884,50,50
9886,50,50
9888,50,50
9890,50,50
9892,50,50
9894,50,50
9896,50,50
9898,50,50
9900,50,50
9902,50,50
9904,50,50
9906,50,50
9908,50,50
9910,50,50
9912,50,50
9914,50,50
9916,50,50
9918,50,50
9920,50,50
9922,50,50
9924,50,50
9926,50,50
9928,50,50
9930,50,50
9932,50,50
9934,50,50
9936,50,50
9938,50,50
9940,50,50
9942,50,50
9944,50,50
9946,50,50
9948,50,50
9950,50,50
9952,50,50
9954,50,50
9956,50,50
9958,50,50
9960,50,50
9962,50,50
9964,50,50
9966,50,50
9968,50,50
9970,50,50
9972,50,50
9974,50,50
9976,50,50
9978,50,50
9980,50,50
9982,50,50
9984,50,50
9986,50,50
9988,50,50
9990,50,50
9992,50,50
9994,50,50
9996,50,50
9998,50,50
10000,50,50
10002,50,50
10004,50,50
10006,50,50
10008,50,50
10010,50,50
10012,50,50
10014,50,50
10016,50,50
10018,50,50
10020,50,50
10022,50,50
10024,50,50
10026,50,50
10028,50,50
10030,50,50
10032,50,50
10034,50,50
10036,50,50
10038,50,50
10040,50,50
10042,50,50
10044,50,50
10046,50,50
10048,50,50
10050,50,50
10052,50,50
10054,50,50
10056,50,50
10058,50,50
10060,50,50
10062,50,50
10064,50,50
10066,50,50
10068,50,50
10070,50,50
10072,50,50
10074,50,50
10076,50,50
10078,50,50
10080,50,50
10082,50,50
10084,50,50
10086,50,50
10088,50,50
10090,50,50
10092,50,50
10094,50,50
10096,50,50
10098,50,50
10100,50,50
10102,50,50
10104,50,50
10106,50,50
10108,50,50
10110,50,50
10112,50,50
10114,50,50
10116,50,50
10118,50,50
10120,50,50
10122,50,50
10124,50,50
10126,50,50
10128,50,50
10130,50,50
10132,50,50
10134,50,50
10136,50,50
10138,50,50
10140,50,50
10142,50,50
10144,50,50
10146,50,50
10148,50,50
10150,50,50
10152,50,50
10154,50,50
10156,50,50
10158,50,50
10160,50,50
10162,50,50
10164,50,50
10166,50,50
10168,50,50
10170,50,50
10172,50,50
10174,50,50
10176,50,50
10178,50,50
10180,50,50
10182,50,50
10184,50,50
10186,50,50
10188,50,50
10190,50,50
10192,50,50
10194,50,50
10196,50,50
10198,50,50
10200,50,50
10202,50,50
10204,50,50
10206,50,50
10208,50,50
10210,50,50
10212,50,50
10214,50,50
10216,50,50
10218,50,50
10220,50,50
10222,50,50
10224,50,50
10226,50,50
10228,50,50
10230,50,50
10232,50,50
10234,50,50
10236,50,50
10238,50,50
10240,50,50
10242,50,50
10244,50,50
10246,50,50
10248,50,50
10250,50,50
10252,50,50
10254,50,50
10256,50,50
10258,50,50
10260,50,50
10262,50,50
10264,50,50
10266,50,50
10268,50,50
10270,50,50
10272,50,50
10274,50,50
10276,50,50
10278,50,50
10280,50,50
10282,50,50
10284,50,50
10286,50,50
10288,50,50
10290,50,50
10292,50,50
10294,50,50
10296,50,50
10298,50,50
10300,50,50
10302,50,50
10304,50,50
10306,50,50
10308,50,50
10310,50,50
10312,50,50
10314,50,50
10316,50,50
10318,50,50
10320,50,50
10322,50,50
10324,50,50
10326,50,50
10328,50,50
10330,50,50
10332,50,50
10334,50,50
10336,50,50
10338,50,50
10340,50,50
10342,50,50
10344,50,50
10346,50,50
10348,50,50
10350,50,50
10352,50,50
10354,50,50
10356,50,50
10358,50,50
10360,50,50
10362,50,50
10364,50,50
10366,50,50
10368,50,50
10370,50,50
10372,50,50
10374,50,50
10376,50,50
10378,50,50
10380,50,50
10382,50,50
10384,50,50
10386,50,50
10388,50,50
10390,50,50
10392,50,50
10394,50,50
10396,50,50
10398,50,50
10400,50,50
10402,50,50
10404,50,50
10406,50,50
10408,50,50
10410,50,50
10412,50,50
10414,50,50
10416,50,50
10418,50,50
10420,50,50
10422,50,50
10424,50,50
10426,50,50
10428,50,50
10430,50,50
10432,50,50
10434,50,50
10436,50,50
10438,50,50
10440,50,50
10442,50,50
10444,50,50
10446,50,50
10448,50,50
10450,50,50
10452,50,50
10454,50,50
10456,50,50
10458,50,50
10460,50,50
10462,50,50
10464,50,50
10466,50,50
10468,50,50
10470,50,50
10472,50,50
10474,50,50
10476,50,50
